
INSERT   INTO  worker
         ( id, name,  birthday,  level,  salary)
VALUES
         (1, 'Max',  '2000-01-01', 'Junior' ,1500),
         (2, 'Oleg'   , '2001-01-17', 'Trainee', 700),
         (3, 'Artur', '1992-03-02',  'Middle', 5000 ),
         (4, 'Anna', '1994-04-03', 'Junior' ,2000 ),
         (5, 'Tetiana', '1995-05-04', 'Trainee', 800 ),
         (6, 'Roman', '1985-06-06', 'Senior', 20000),
         (7, 'Sasha', '1990-06-07',  'Middle', 4000),
         (8, 'Kira', '2002-03-04', 'Trainee', 900),
         (9, 'Nata', '1986-07-08', 'Junior' ,1400),
         (10, 'Lina', '1989-01-31', 'Junior' ,1900),
         (11, 'Leo', '1999-12-11', 'Senior', 20000),
         (12, 'Lana', '1990-01-31', 'Junior' ,1900);

INSERT INTO client  VALUES (1, 'Ramesh'),
                           (2, 'Bogdan'),
                           (3, 'Bill'),
                           (4, 'Liliya'),
                           (5, 'Vlad');

INSERT   INTO   project
                ( id, client_id  ,  start_date,  finish_date)
VALUES
                ( 1, 1, '2023-07-01', '2023-12-01'  ),
                ( 2, 1, '2023-04-01', '2023-11-01'),
                ( 3, 5, '2023-01-01', '2025-08-01'  ),
                ( 4, 4, '2023-03-01', '2023-09-01'),
                ( 5, 4, '2023-06-01', '2024-08-01'),
                ( 6, 3, '2023-02-01', '2024-12-01'),
                ( 7, 4, '2022-03-01', '2023-08-01'),
                ( 8, 4, '2022-06-01', '2023-10-01'),
                ( 9, 4, '2023-04-01', '2028-08-01'),
                ( 10, 3,'2023-07-01', '2023-08-01'),
                ( 11, 1, '2015-01-01', '2023-05-01');


INSERT   INTO   project_worker
               (project_id,  worker_id)
VALUES
               ( 1, 1 ),
               ( 1, 2 ),
               ( 1, 3 ),
               ( 1, 4 ),
               ( 1, 6 ),
               ( 2, 7 ),
               ( 2, 8 ),
               ( 2, 9 ),
               ( 3, 1 ),
               ( 3, 2 ),
               ( 3, 3 ),
               ( 4, 1 ),
               ( 4, 2 ),
               ( 4, 3 ),
               ( 4, 8 ),
               ( 4, 11 ),
               ( 5, 3 ),
               ( 5, 2 ),
               ( 5, 1 ),
               ( 6, 3 ),
               ( 6, 9 ),
               ( 7, 3 ),
               ( 8, 3 ),
               ( 9, 6 ),
               ( 9, 7  ),
               ( 11, 1 ),
               ( 11, 5 ),
               ( 11, 4 ),
               ( 11, 3 ),
               ( 11, 11 );

